https://comeme.com.mx/,HTTP Response:,200
https://onlineliquor.com/,HTTP Response:,200
https://wassonnursery.com/,HTTP Response:,200
https://biglittle.com.mx/,HTTP Response:,200
https://berwich.com/,HTTP Response:,200
https://dobbsequipment.com/,HTTP Response:,200
https://purusham.com/,HTTP Response:,200
https://farmaciacaridad.com/,HTTP Response:,200
https://bilhares-carrinho.com/,HTTP Response:,200
https://5asec.es/,HTTP Response:,200
https://davywine.co.uk/,HTTP Response:,200
https://sustainableagavecompany.com/,HTTP Response:,200
https://franklins.co.nz/,HTTP Response:,200
https://ldnio.com/,HTTP Response:,200
https://magserveis.com/,HTTP Response:,200
https://poseeg.shop/,HTTP Response:,200
https://mbx.com/,HTTP Response:,200
https://pinturaswesco.com/,HTTP Response:,200
https://erishome.com/,HTTP Response:,200
https://subtleflight.com/,HTTP Response:,200
https://natibox.fr/,HTTP Response:,200
https://jaks.com/,HTTP Response:,200
https://graff.de/,HTTP Response:,200
https://rehabandmobilitysystems.com/,HTTP Response:,200
https://savsol.com/,HTTP Response:,200
https://rhinopickleball.com/,HTTP Response:,200
https://glebefarmfoods.co.uk/,HTTP Response:,200
https://689accessories.com/,HTTP Response:,200
https://easelectric.es/,HTTP Response:,200
https://1000fix.com/,HTTP Response:,200
https://matildabyjc.com/,HTTP Response:,200
https://carpetandflooring.co.uk/,HTTP Response:,200
https://tuckcoffee.com/,HTTP Response:,200
https://werk-brau.com/,HTTP Response:,200
https://janiushkas.com/,HTTP Response:,200
https://cfsvision.com/,HTTP Response:,200
https://everpresent.com/,HTTP Response:,200
https://xploremobile.ca/,HTTP Response:,200
https://yahaal.com/,HTTP Response:,200
https://brentwoodbayresort.com/,HTTP Response:,200
https://walkerfoods.net/,HTTP Response:,200
https://usdan.org/,HTTP Response:,200
https://shopvype.com/,HTTP Response:,200
https://sellyourgadget.shop/,HTTP Response:,200
https://oceanor.re/,HTTP Response:,200
https://celette-usa.com/,HTTP Response:,200
https://glambou.com/,HTTP Response:,200
https://brimo-immobilien.de/,HTTP Response:,200
https://salonespacek.com/,HTTP Response:,200
https://shoeflystores.com/,HTTP Response:,200
https://lochowranch.com/,HTTP Response:,200
https://firstfruits.com/,HTTP Response:,200
https://clevercompany.com/,HTTP Response:,200
https://cornthwaitegroup.com/,HTTP Response:,200
https://sevillafusion.com.mx/,HTTP Response:,200
https://1908.de/,HTTP Response:,200
https://camptimberlake.com/,HTTP Response:,200
https://saniashsclothing.com/,HTTP Response:,200
https://alsabouh.com/,HTTP Response:,200
https://archimple.com/,HTTP Response:,200
https://leoncycle.de/,HTTP Response:,200
https://stealthmask.com/,HTTP Response:,200
https://spanco.com/,HTTP Response:,200
https://authorreputationpress.com/,HTTP Response:,200
https://wholesale-windows.co.uk/,HTTP Response:,200
https://puustelli.com/,HTTP Response:,200
https://aircareinternational.com/,HTTP Response:,200
https://thekarelab.com/,HTTP Response:,200
https://womencraft.org/,HTTP Response:,200
https://thelilea.com/,HTTP Response:,200
https://an-nee.com/,HTTP Response:,200
https://esprigas.com/,HTTP Response:,200
https://vivreenbois.com/,HTTP Response:,200
https://amertranslogistics.com/,HTTP Response:,200
https://transgruas.com/,HTTP Response:,200
https://maisonmoderne.com/,HTTP Response:,200
https://cincinfashion.com/,HTTP Response:,200
https://streetbangkok.fr/,HTTP Response:,200
https://tidesgiftshop.com/,HTTP Response:,200
https://lucasdiesel.cl/,HTTP Response:,200
https://lordmilano.com/,HTTP Response:,200
https://klixjeans.com/,HTTP Response:,200
https://foothillscreamery.com/,HTTP Response:,200
https://parkstyling.com/,HTTP Response:,200
https://infomateworld.com/,HTTP Response:,200
https://xzilon.com/,HTTP Response:,200
https://bikateliershop.com/,HTTP Response:,200
https://westcoastfloral.com/,HTTP Response:,200
https://laprairie.ch/,HTTP Response:,200
https://ppcherbs.com.au/,HTTP Response:,200
https://sovereigncode.com/,HTTP Response:,200
https://fanaloza.cl/,HTTP Response:,200
https://fitzbillies.com/,HTTP Response:,200
https://mrm.com.mx/,HTTP Response:,200
https://thebeigejewels.com/,HTTP Response:,200
https://crownrooftiles.com/,HTTP Response:,200
https://liso.in/,HTTP Response:,200
https://inavatishop.com/,HTTP Response:,200
https://laux-deli.de/,HTTP Response:,200
https://mariacuadros.cl/,HTTP Response:,200
https://vivre-nus.fr/,HTTP Response:,200
https://lianaleaodesign.com/,HTTP Response:,200
https://retrocamerashop.com/,HTTP Response:,200
https://breadfinancial.com/,HTTP Response:,200
https://optical-academy.com/,HTTP Response:,200
https://ideal-fensterbau.de/,HTTP Response:,200
https://tobincopharma.com/,HTTP Response:,200
https://lemonpepperstudio.com/,HTTP Response:,200
https://theambiente.com/,HTTP Response:,200
https://distribuidorauniversalcali.com/,HTTP Response:,200
https://diosajewels.com/,HTTP Response:,200
https://hoie.no/,HTTP Response:,200
https://mygrandfatherscat.ca/,HTTP Response:,200
https://hqorganics.com/,HTTP Response:,200
https://saraswatiglobal.com/,HTTP Response:,200
https://torchmold.com/,HTTP Response:,200
https://brandtpromostore.com/,HTTP Response:,200
https://bhalaria.in/,HTTP Response:,200
https://bettysbath.com/,HTTP Response:,200
https://upmprofi.com/,HTTP Response:,200
https://francescosbakery.com/,HTTP Response:,200
https://mountingdreams.com/,HTTP Response:,200
https://super-b.com/,HTTP Response:,200
https://luxholichk.com/,HTTP Response:,200
https://krogerspecialtyinfusion.com/,HTTP Response:,200
https://norsan.de/,HTTP Response:,200
https://opticenter.ar/,HTTP Response:,200
https://hessaire.com/,HTTP Response:,200
https://dnanudge.com/,HTTP Response:,200
https://carnesm.com.mx/,HTTP Response:,200
https://metis.tech/,HTTP Response:,200
https://distefanocheese.com/,HTTP Response:,200
https://kwtfilters.com/,HTTP Response:,200
https://rios.pk/,HTTP Response:,200
https://gulfeaglesupply.com/,HTTP Response:,200
https://pintucom.com/,HTTP Response:,200
https://miloanddexter.com/,HTTP Response:,200
https://schoenramer-shop.de/,HTTP Response:,200
https://zipr.com/,HTTP Response:,200
https://porchconversions.com/,HTTP Response:,200
https://expatroasters.com/,HTTP Response:,200
https://reigersuspension.com/,HTTP Response:,200
https://jacksonsofyorkshire.co.uk/,HTTP Response:,200
https://aerotask.de/,HTTP Response:,200
https://buffalophilsgrille.com/,HTTP Response:,200
https://birinitpetit.com/,HTTP Response:,200
https://eljawali.com/,HTTP Response:,200
https://althompson.com/,HTTP Response:,200
https://arkansaslighting.com/,HTTP Response:,200
https://newterracotta.com/,HTTP Response:,200
https://doehle-seafront.com/,HTTP Response:,200
https://nono.mx/,HTTP Response:,200
https://queenspallet.com/,HTTP Response:,200
https://rodier.fr/,HTTP Response:,200
https://auroraart.com.au/,HTTP Response:,200
https://ccvmode.com/,HTTP Response:,403
https://ecostyle.com/,HTTP Response:,200
https://boreale.com/,HTTP Response:,200
https://digatalkplus.com/,HTTP Response:,200
https://biences.ch/,HTTP Response:,200
https://golfhouse.de/,HTTP Response:,200
https://grupocadelga.com/,HTTP Response:,200
https://dailybookrecs.com/,HTTP Response:,200
https://suprima.com.au/,HTTP Response:,200
https://fattoamanopizza.com/,HTTP Response:,200
https://execdefense.com/,HTTP Response:,200
https://mariemero.be/,HTTP Response:,200
https://ocisales.com/,HTTP Response:,200
https://thecornishbakery.com/,HTTP Response:,200
https://pulidshoes.com/,HTTP Response:,200
https://thesavanna.co.uk/,HTTP Response:,200
https://istitutomarangonimiami.com/,HTTP Response:,200
https://peterleymanorfarm.co.uk/,HTTP Response:,200
https://dorigenn.co/,HTTP Response:,200
https://vaxserve.com/,HTTP Response:,200
https://clubjolies.com/,HTTP Response:,200
https://academiebeaute.com/,HTTP Response:,200
https://blueconnections.com.au/,HTTP Response:,200
https://phonerepairphilly.com/,HTTP Response:,200
https://bazarfungi.cl/,HTTP Response:,200
https://zuerns.com/,HTTP Response:,200
https://wallbedsnmore.com/,HTTP Response:,200
https://highrocks.com/,HTTP Response:,200
https://amayrajewellery.com/,HTTP Response:,200
https://mcdurmon.com/,HTTP Response:,200
https://la-vibes.com/,HTTP Response:,200
https://martechcorporation.com/,HTTP Response:,200
https://carpinito.com/,HTTP Response:,200
https://cedarcresticecream.com/,HTTP Response:,200
https://moebel-peeck.de/,HTTP Response:,200
https://styleekturkey.com/,HTTP Response:,200
https://bmimerchandise.com/,HTTP Response:,200
https://toreu.com/,HTTP Response:,200
https://carigartools.com/,HTTP Response:,200
https://omnipack.com/,HTTP Response:,200
https://centrosbedda.com/,HTTP Response:,200
https://kazakhtas.kz/,HTTP Response:,200
https://bramblecrest.com/,HTTP Response:,200
https://greenset.com/,HTTP Response:,200
https://vitaform.com/,HTTP Response:,200
https://marycielomendoza.cl/,HTTP Response:,200
https://meyia.gr/,HTTP Response:,200
https://facebook.com/,HTTP Response:,200
https://wynnetr.com/,HTTP Response:,200
https://supertruckparts.com/,HTTP Response:,200
https://helpenterprises.com.au/,HTTP Response:,200
https://bassettsonline.com/,HTTP Response:,200
https://steelbuilders.com.au/,HTTP Response:,200
https://klingel.nl/,HTTP Response:,200
https://seymourpaint.com/,HTTP Response:,200
https://herbitas.com/,HTTP Response:,200
https://petitezara.com/,HTTP Response:,200
https://1stplacespiritwear.com/,HTTP Response:,200
https://pue.es/,HTTP Response:,200
https://megal.uy/,HTTP Response:,200
https://shopbrookgreen.com/,HTTP Response:,200
https://kentblaxill.co.uk/,HTTP Response:,200
https://anglopacific.co.uk/,HTTP Response:,200
https://bigcartel.com/,HTTP Response:,200
https://doam4salone.com/,HTTP Response:,200
https://manufaktur-joerg-geiger.de/,HTTP Response:,200
https://senttix.com/,HTTP Response:,200
https://shopbridgeusa.org/,HTTP Response:,200
https://upavimwholesale.org/,HTTP Response:,200
https://gawroszka.pl/,HTTP Response:,200
https://xanderkloths.com/,HTTP Response:,200
https://bostonwear.com/,HTTP Response:,200
https://protecodent.ru/,HTTP Response:,200
https://jazzercise.com.au/,HTTP Response:,200
https://aepspan.com/,HTTP Response:,200
https://goldcoasthealthplan.org/,HTTP Response:,200
https://tequilasolarum.com/,HTTP Response:,200
https://clickysoft.com/,HTTP Response:,200
https://heilyzee.com/,HTTP Response:,200
https://brandunique.it/,HTTP Response:,200
https://urbanrevivo.sg/,HTTP Response:,200
https://lobsterplace.com/,HTTP Response:,200
https://flagsource.com/,HTTP Response:,200
https://leonardsleegardens.co.uk/,HTTP Response:,200
https://jerkfestival.ca/,HTTP Response:,200
https://rattiboutique.com/,HTTP Response:,200
https://zinniacouture.co.uk/,HTTP Response:,200
https://luxmetique.com/,HTTP Response:,200
https://corep.com/,HTTP Response:,200
https://crookedmotorcycles.com/,HTTP Response:,200
https://masterfan.com.mx/,HTTP Response:,200
https://skydiver.es/,HTTP Response:,200
https://usacontainers.co/,HTTP Response:,200
https://freshproducts.com/,HTTP Response:,200
https://dpgperforms.com/,HTTP Response:,200
https://olssons.com.au/,HTTP Response:,200
https://californiaaircompressor.com/,HTTP Response:,200
https://malva.ua/,HTTP Response:,200
https://aljomar.es/,HTTP Response:,200
https://vivacitytech.com/,HTTP Response:,200
https://taylorliving.com/,HTTP Response:,200
https://primichi.com/,HTTP Response:,200
https://tintextextiles.com/,HTTP Response:,200
https://soleilorganics.com/,HTTP Response:,200
https://thelawnlab.com.au/,HTTP Response:,200
https://hedyyangceramics.com/,HTTP Response:,200
https://virgobd.com/,HTTP Response:,200
https://ritzenhoff-breker.de/,HTTP Response:,200
https://americaniconbrewery.com/,HTTP Response:,200
https://boanndistillery.ie/,HTTP Response:,200
https://mantriella.co.uk/,HTTP Response:,200
https://minenssey.com/,HTTP Response:,200
https://pengessentials.com/,HTTP Response:,200
https://talbertbuildingsupply.com/,HTTP Response:,200
https://milknhoneycafe.com/,HTTP Response:,200
https://langendorf.de/,HTTP Response:,200
https://starbuckschilled.com/,HTTP Response:,200
https://publicisdrugstore.com/,HTTP Response:,200
https://northcoast.coop/,HTTP Response:,200
https://buhostore.uy/,HTTP Response:,200
https://rebelhorn.com/,HTTP Response:,200
https://beltafrajumar.com/,HTTP Response:,200
https://titbitspices.com/,HTTP Response:,200
https://productadvisor.com/,HTTP Response:,200
https://elixir-aircraft.com/,HTTP Response:,200
https://dontworry.com.mx/,HTTP Response:,200
https://beerfarm.com.au/,HTTP Response:,200
https://echters.com/,HTTP Response:,200
https://multisalesinc.com/,HTTP Response:,200
https://crescentridge.com/,HTTP Response:,200
https://fastestinc.com/,HTTP Response:,200
https://mycnhreman.com/,HTTP Response:,200
https://kalpwear.com/,HTTP Response:,200
https://silverbirchranch.org/,HTTP Response:,200
https://johnnoble.in/,HTTP Response:,200
https://mipulpe.com/,HTTP Response:,200
https://osumekeys.com/,HTTP Response:,200
https://blumacaria.com/,HTTP Response:,200
https://artigrano.com/,HTTP Response:,200
https://boldu.es/,HTTP Response:,200
https://sammode.com/,HTTP Response:,200
https://lusinequebec.com/,HTTP Response:,200
https://samuelgroves.com/,HTTP Response:,200
https://fortwenger.fr/,HTTP Response:,200
https://teyli.eu/,HTTP Response:,200
https://maldarizzi.com/,HTTP Response:,200
https://geidea.net/,HTTP Response:,200
https://umbalalum.com/,HTTP Response:,200
https://hyperfly.com.au/,HTTP Response:,200
https://giroxsportswear.com/,HTTP Response:,200
https://bissettfasteners.ca/,HTTP Response:,200
https://suffolkfoodhall.co.uk/,HTTP Response:,200
https://caresfield.com/,HTTP Response:,200
https://medicom.de/,HTTP Response:,200
https://mypetsa.com/,HTTP Response:,200
https://rentacrate.com/,HTTP Response:,200
https://escales-paris.com/,HTTP Response:,200
https://paulbristow.co.uk/,HTTP Response:,200
https://rolemar.com/,HTTP Response:,200
https://moana.co.nz/,HTTP Response:,200
https://kopfgetriebeoel.de/,HTTP Response:,200
https://tattoopeople.ca/,HTTP Response:,200
https://sealup.net/,HTTP Response:,200
https://aronalpha.net/,HTTP Response:,200
https://irantimer.com/,HTTP Response:,200
https://millboard.co.uk/,HTTP Response:,200
https://delcambe.be/,HTTP Response:,200
https://uniclima.net/,HTTP Response:,200
https://pillers.com/,HTTP Response:,200
https://sow.bio/,HTTP Response:,200
https://wpca.sydney/,HTTP Response:,200
https://ilovepralines.com/,HTTP Response:,200
https://coospo.com/,HTTP Response:,200
https://earlyexcellence.com/,HTTP Response:,200
https://whittsbarbecue.com/,HTTP Response:,200
https://axaptamasters.com/,HTTP Response:,200
https://flahavans.ie/,HTTP Response:,200
https://meccaindustries.com/,HTTP Response:,200
https://gbitile.com/,HTTP Response:,200
https://regilait.com/,HTTP Response:,200
https://deesse.com/,HTTP Response:,200
https://viceroycanada.com/,HTTP Response:,200
https://kezs.com.au/,HTTP Response:,200
https://tutitas.com/,HTTP Response:,200
https://reuthermaterial.com/,HTTP Response:,200
https://perfumeriacomas.com/,HTTP Response:,200
https://jeep.ca/,HTTP Response:,200
https://yogurtfactory.fr/,HTTP Response:,200
https://milliarddiamondconcierge.com/,HTTP Response:,200
https://usanorth811.org/,HTTP Response:,200
https://emilyexcels.com/,HTTP Response:,200
https://mbmachinemy.com/,HTTP Response:,200
https://fortfun.de/,HTTP Response:,200
https://mekcosupply.com/,HTTP Response:,200
https://pleinsudbeaute.com/,HTTP Response:,200
https://kidur.fr/,HTTP Response:,200
https://lafitlighting.com/,HTTP Response:,200
https://mydevia.com/,HTTP Response:,200
https://subarukenya.com/,HTTP Response:,200
https://theriversource.org/,HTTP Response:,200
https://multitoolgrinders.com/,HTTP Response:,200
https://alphacrew.com/,HTTP Response:,200
https://senlimastore.com/,HTTP Response:,200
https://royal-mer.com/,HTTP Response:,200
https://jollynicefarmshop.com/,HTTP Response:,200
https://alphamax.id/,HTTP Response:,200
https://parkhopperdesign.com/,HTTP Response:,200
https://emanuelberg.com/,HTTP Response:,200
https://canetesa.com/,HTTP Response:,200
https://kingsmeadcarpets.co.uk/,HTTP Response:,200
https://blinkswag.com/,HTTP Response:,200
https://tsriggingequipment.com/,HTTP Response:,200
https://madinahalalfoods.com/,HTTP Response:,200
https://wallart.ae/,HTTP Response:,200
https://cherrylady.shop/,HTTP Response:,200
https://krieder.com/,HTTP Response:,200
https://elmetate.com/,HTTP Response:,200
https://kartikawira.com/,HTTP Response:,200
https://midica.fr/,HTTP Response:,200
https://shahtajqaiser.com/,HTTP Response:,200
https://orangedaily.com/,HTTP Response:,200
https://rockstarrollerderby.com/,HTTP Response:,200
https://nurjbridal.com/,HTTP Response:,200
https://halloren.de/,HTTP Response:,200
https://arcusin.com/,HTTP Response:,200
https://parkerknoll.co.uk/,HTTP Response:,200
https://asiapramulia.com/,HTTP Response:,200
https://visitmarketfair.com.au/,HTTP Response:,200
https://venusmarsbeauty.com/,HTTP Response:,200
https://maritimeedit.com/,HTTP Response:,200
https://realites.com/,HTTP Response:,200
https://meron.coffee/,HTTP Response:,200
https://dutyfree.ca/,HTTP Response:,200
https://thevioleteclectic.com/,HTTP Response:,200
https://handicraftpoint.com/,HTTP Response:,200
https://orphicjewls.gr/,HTTP Response:,200
https://lifesil.com/,HTTP Response:,200
https://odarymcosmetics.com/,HTTP Response:,200
https://face.pk/,HTTP Response:,200
https://homeandliving.es/,HTTP Response:,200
https://wellingtoncountrypark.co.uk/,HTTP Response:,200
https://beer-co.ca/,HTTP Response:,200
https://sunrisefresh.com/,HTTP Response:,200
https://stadtsalat.de/,HTTP Response:,200
https://americana.pt/,HTTP Response:,200
https://hawksviewwinery.com/,HTTP Response:,200
https://w2woodwork.com/,HTTP Response:,200
https://tiffanyfashion.ro/,HTTP Response:,200
https://petros.com/,HTTP Response:,200
https://diamondknot.com/,HTTP Response:,200
https://deutsche-dienstrad.de/,HTTP Response:,200
https://alrazimed.com/,HTTP Response:,200
https://atlantic-oase.com/,HTTP Response:,200
https://wstransportationshop.com/,HTTP Response:,200
https://renaud-distribution.com/,HTTP Response:,200
https://salvo1968.co.uk/,HTTP Response:,200
https://crouchrecovery.co.uk/,HTTP Response:,403
https://rhymebiz.com/,HTTP Response:,200
https://toys4less.com/,HTTP Response:,200
https://ayosbusog.com/,HTTP Response:,200
https://kyrya.es/,HTTP Response:,200
https://porterpipe.com/,HTTP Response:,200
https://rucurious.ca/,HTTP Response:,200
https://rosealmaha.com/,HTTP Response:,200
https://adiberia.com/,HTTP Response:,200
https://acecafeluzern.ch/,HTTP Response:,200
https://ascendecom.com/,HTTP Response:,200
https://partytables.com/,HTTP Response:,200
https://kookybloom.com/,HTTP Response:,200
https://northrange.org/,HTTP Response:,200
https://monix-original.com/,HTTP Response:,200
https://cpchurch.com/,HTTP Response:,200
https://kalamone.com/,HTTP Response:,200
https://belca.es/,HTTP Response:,200
https://dica.es/,HTTP Response:,200
https://anufoods.in/,HTTP Response:,200
https://biotechwellnesscenter.com/,HTTP Response:,200
https://levapan.com/,HTTP Response:,200
https://rebora.com.mx/,HTTP Response:,200
https://magnetomagazine.com/,HTTP Response:,200
https://neoderma.com/,HTTP Response:,200
https://egoparis.com/,HTTP Response:,200
https://archi.nu/,HTTP Response:,200
https://myshopify.com/,HTTP Response:,404
https://schwebels.com/,HTTP Response:,200
https://aegisgeneral.com/,HTTP Response:,200
https://englishcapsules.com/,HTTP Response:,200
https://tmarks.com/,HTTP Response:,200
https://maxiparts.com.au/,HTTP Response:,200
https://bcso.net/,HTTP Response:,200
https://earthway.com/,HTTP Response:,200
https://vintagefabrik.com/,HTTP Response:,200
https://blackpepperpaperie.com/,HTTP Response:,200
https://nemotec.com/,HTTP Response:,200
https://intaglioceramica.com/,HTTP Response:,200
https://docsbbq.net/,HTTP Response:,200
https://pharmacalway.com/,HTTP Response:,200
https://incolma.com/,HTTP Response:,200
https://crespo.es/,HTTP Response:,200
https://alqahwaalarabiah.com/,HTTP Response:,200
https://silentgliss.co.uk/,HTTP Response:,200
https://didopet.com/,HTTP Response:,200
https://naouri.com/,HTTP Response:,200
https://moundspet.com/,HTTP Response:,200
https://letiquette.com/,HTTP Response:,200
https://kababjees.com/,HTTP Response:,200
https://abhmfg.com/,HTTP Response:,200
https://ceresglobal.com/,HTTP Response:,200
https://fashionforms.com/,HTTP Response:,200
https://lechocolat-alainducasse.com/,HTTP Response:,200
https://lakesidegardengallery.com/,HTTP Response:,200
https://pozzetta.com/,HTTP Response:,200
https://miguelvergara.com/,HTTP Response:,200
https://dgcrane.com/,HTTP Response:,200
https://imperialrange.com/,HTTP Response:,200
https://wms.co.uk/,HTTP Response:,200
https://pippmobile.com/,HTTP Response:,200
https://justcountry.com.au/,HTTP Response:,200
https://trueid.net/,HTTP Response:,200
https://nalogistics.com/,HTTP Response:,200
https://carelincmed.com/,HTTP Response:,200
https://fast-tec.com/,HTTP Response:,200
https://pennyembroidery.com/,HTTP Response:,200
https://bart.co.uk/,HTTP Response:,200
https://houseofcenmar.com/,HTTP Response:,200
https://nissanjidosha.mx/,HTTP Response:,200
https://perennial.org.uk/,HTTP Response:,200
https://aquaviaspa.es/,HTTP Response:,200
https://povasa.com.mx/,HTTP Response:,200
https://walgreenhealthsolutions.com/,HTTP Response:,200
https://camosa.com/,HTTP Response:,200
https://mygearx.com/,HTTP Response:,200
https://firstpack.fr/,HTTP Response:,200
https://flightdesign.com/,HTTP Response:,200
https://behaviorandlaw.com/,HTTP Response:,200
https://pavosdelcampo.com/,HTTP Response:,200
https://mcds.ie/,HTTP Response:,200
https://micotoya.com/,HTTP Response:,200
https://lpchile.cl/,HTTP Response:,200
https://ingatestonesaddlery.co.uk/,HTTP Response:,200
https://falsabih.com/,HTTP Response:,200
https://agria.de/,HTTP Response:,200
https://salvajor.com/,HTTP Response:,200
https://anlin.com/,HTTP Response:,200
https://clemityjane.com/,HTTP Response:,200
https://arhoma.ca/,HTTP Response:,200
https://calabogiebrewing.com/,HTTP Response:,200
https://aamn.org/,HTTP Response:,200
https://hiporgnl.com/,HTTP Response:,200
https://blastabrewing.com/,HTTP Response:,200
https://newenglandwholesale.com/,HTTP Response:,200
https://sateng.com/,HTTP Response:,200
https://redsunfarms.com/,HTTP Response:,200
https://autolubumbashi.com/,HTTP Response:,200
https://goldboxroastery.com/,HTTP Response:,200
https://colmol.pt/,HTTP Response:,200
https://hoppekids.com/,HTTP Response:,200
https://meersburg-therme.de/,HTTP Response:,200
https://tinkergen.com/,HTTP Response:,200
https://decomueblesjm.cl/,HTTP Response:,200
https://azbookvarik.ru/,HTTP Response:,200
https://wyevalleybrewery.co.uk/,HTTP Response:,200
https://autooltech.com/,HTTP Response:,200
https://mates.cl/,HTTP Response:,200
https://loros.co.uk/,HTTP Response:,200
https://bankofwashington.com/,HTTP Response:,200
https://sloopbrewing.com/,HTTP Response:,200
https://blandfarms.com/,HTTP Response:,200
https://sweethousefashion.ca/,HTTP Response:,200
https://nidcap.org/,HTTP Response:,200
https://banktechpr.com/,HTTP Response:,200
https://pgsa.org/,HTTP Response:,200
https://womenshacks.com/,HTTP Response:,200
https://ramsonind.com/,HTTP Response:,200
https://jimdo.com/,HTTP Response:,200
https://glowinface.com/,HTTP Response:,200
https://rogerwoodfoods.com/,HTTP Response:,200
https://yes2revive.com/,HTTP Response:,200
https://gabaygroup.com/,HTTP Response:,200
https://ardoel.com/,HTTP Response:,200
https://fabiotrabocchi.com/,HTTP Response:,200
https://hidratools.com/,HTTP Response:,200
https://ilfioredargilla.com/,HTTP Response:,200
https://hitachiclimat.fr/,HTTP Response:,200
https://babytriana.es/,HTTP Response:,200
https://folimush.com/,HTTP Response:,200
https://etmana.com/,HTTP Response:,200
https://prairielakeschurch.org/,HTTP Response:,200
https://ldgtt.com/,HTTP Response:,200
https://sweetsugarstar.com/,HTTP Response:,200
https://eastonecoffee.com/,HTTP Response:,200
https://panelcompany.co.uk/,HTTP Response:,200
https://maxibazar.fr/,HTTP Response:,200
https://exza.bg/,HTTP Response:,200
https://carioca.com/,HTTP Response:,200
https://atlastoyota.com/,HTTP Response:,200
https://marburg.com/,HTTP Response:,200
https://northshore.farm/,HTTP Response:,200
https://camasha.com/,HTTP Response:,200
https://everman.org/,HTTP Response:,200
https://bluandblue.com/,HTTP Response:,200
https://aps-germany.de/,HTTP Response:,200
https://dnisi.com/,HTTP Response:,200
https://shyla.com/,HTTP Response:,200
https://thebrewworks.com/,HTTP Response:,200
https://ricosta.de/,HTTP Response:,200
https://nzvanlines.co.nz/,HTTP Response:,200
https://lalacteo.com/,HTTP Response:,200
https://electromillonaria.co/,HTTP Response:,200
https://ids.co.uk/,HTTP Response:,403
https://agour.com/,HTTP Response:,403
https://a-lafont.com/,HTTP Response:,200
https://duanyam.com/,HTTP Response:,200
https://curtisbaymws.com/,HTTP Response:,200
https://hellochef.me/,HTTP Response:,200
https://ghrawi.com/,HTTP Response:,200
https://1838wallcoverings.com/,HTTP Response:,200
https://haciendaorigen.com/,HTTP Response:,200
https://quizmeisters.com/,HTTP Response:,200
https://duffeyrolls.com/,HTTP Response:,200
https://beautypalace.in/,HTTP Response:,200
https://greatplainsindustries.com/,HTTP Response:,200
https://eliteroofingsupply.com/,HTTP Response:,200
https://silvercrystalsports.com/,HTTP Response:,200
https://puregoldpineapples.com.au/,HTTP Response:,200
https://longbarn.co.uk/,HTTP Response:,200
https://open-city.org.uk/,HTTP Response:,200
https://planetarica.com/,HTTP Response:,200
https://helpinghand.co.uk/,HTTP Response:,200
https://vistarailings.com/,HTTP Response:,200
https://manionswholesale.com/,HTTP Response:,200
https://salimazzam.com/,HTTP Response:,200
https://hansetextil.co.uk/,HTTP Response:,200
https://appleperu.pe/,HTTP Response:,200
https://trewithendairy.co.uk/,HTTP Response:,200
https://maddypageknitwear.com/,HTTP Response:,200
https://fierdusud.com/,HTTP Response:,200
https://worldchefs.org/,HTTP Response:,200
https://faus.international/,HTTP Response:,200
https://lefthandedgolf.co.uk/,HTTP Response:,200
https://thebiscuitfactory.com/,HTTP Response:,200
https://thepowercentre.ca/,HTTP Response:,200
https://pursuedtirol.com/,HTTP Response:,200
https://nbva.org/,HTTP Response:,200
https://timsdairy.co.uk/,HTTP Response:,200
https://astramarkets.com/,HTTP Response:,200
https://lmwarehousing.com/,HTTP Response:,200
https://coverwalay.com/,HTTP Response:,200
https://usaryreusar.com/,HTTP Response:,200
https://arbanarsi.com/,HTTP Response:,200
https://ipanema.it/,HTTP Response:,200
https://englishpewter.us/,HTTP Response:,200
https://mersaco.com/,HTTP Response:,200
https://kalaharilifestyle.com/,HTTP Response:,200
https://primandtopper.net/,HTTP Response:,200
https://kettlefoods.co.uk/,HTTP Response:,200
https://botham.co.uk/,HTTP Response:,200
https://libreriadante.com.mx/,HTTP Response:,200
https://dats.com.au/,HTTP Response:,200
https://internationalrefacciones.com/,HTTP Response:,200
https://steelartco.com/,HTTP Response:,200
https://bringoo.de/,HTTP Response:,200
https://gerovassiliou.gr/,HTTP Response:,200
https://solartoolsusa.com/,HTTP Response:,200
https://textrail.com/,HTTP Response:,200
https://proselfstorage.com/,HTTP Response:,200
https://nile.ch/,HTTP Response:,200
https://hubbards.co.nz/,HTTP Response:,200
https://inrablew.pl/,HTTP Response:,200
https://gdl-couture.com/,HTTP Response:,200
https://superiorbeveragegroup.com/,HTTP Response:,200
https://adoptagoldenknoxville.org/,HTTP Response:,200
https://romanohomerestoration.com/,HTTP Response:,200
https://rubensteinsupply.com/,HTTP Response:,200
https://seastarrestaurant.com/,HTTP Response:,200
https://salwadesign.com/,HTTP Response:,200
https://aymcdonald.com/,HTTP Response:,200
https://maluwilzromania.ro/,HTTP Response:,200
https://craftsportsjdm.com/,HTTP Response:,200
https://costlessautoparts.net/,HTTP Response:,200
https://anthonyveder.com/,HTTP Response:,200
https://alterplast.ru/,HTTP Response:,200
https://ethanmasonpaving.com/,HTTP Response:,200
https://albrown.co.nz/,HTTP Response:,200
https://leonardjoel.com.au/,HTTP Response:,200
https://vegfresh.com/,HTTP Response:,200
https://kiveranaynomis.com/,HTTP Response:,200
https://laabuelacandida.com/,HTTP Response:,200
https://canteranegra.com/,HTTP Response:,200
https://britishmotormuseum.co.uk/,HTTP Response:,200
https://dwdistribution.com/,HTTP Response:,200
https://roofersmartinc.com/,HTTP Response:,200
https://igihm.com/,HTTP Response:,200
https://loversplayground.com/,HTTP Response:,200
https://mitsubishimotors-eg.com/,HTTP Response:,200
https://libbysvegetables.com/,HTTP Response:,200
https://bricklanebrewing.com/,HTTP Response:,200
https://winbridgepower.com/,HTTP Response:,200
https://proambitions.com/,HTTP Response:,200
https://delauz.es/,HTTP Response:,200
https://engineeredfallprotection.com/,HTTP Response:,404
https://longbottomcoffee.com/,HTTP Response:,200
https://bellequeencosmetics.com/,HTTP Response:,200
https://blesma.org/,HTTP Response:,200
https://bookjati.com/,HTTP Response:,200
https://ukvapourbrands.co.uk/,HTTP Response:,200
https://sermulher.eu/,HTTP Response:,200
https://birkmfg.com/,HTTP Response:,200
https://robotekindia.com/,HTTP Response:,200
https://transamcarriers.com/,HTTP Response:,200
https://emicol.com/,HTTP Response:,200
https://recolorpaints.com/,HTTP Response:,200
https://defibtech.com/,HTTP Response:,200
https://faizjapanshop.com/,HTTP Response:,200
https://protectormascotas.com/,HTTP Response:,200
https://southlandtrailers.com/,HTTP Response:,200
https://maisonsainthonore.com/,HTTP Response:,200
https://thebathhouseshop.co.uk/,HTTP Response:,200
https://sunmanexport.com/,HTTP Response:,200
https://basaotea.com/,HTTP Response:,200
https://mylifebathrooms.com/,HTTP Response:,200
